CardNo;Count;Priority;English;French;Spanish
1;3;0;The last one to put his thumb<P> On his nose must drink!;Le dernier Ö poser son pouce<P> Sur son nez boit!;El £ltimo en poner el dedo<P> En la nariz sus bebidas!
2;3;0;The last one to touch<P> Someone else's ear<P> Must drink!;Le dernier Ö toucher l'oreille<P> De quelqu'un d'autre boit!;El £ltimo en tocar el o°do<P> De alguien bebe m†s!
3;2;1;The last one to spin around<P> Must drink!;Le dernier Ö tourner<P> Autour de lui-màme boit!;La £ltima en dar<P> La vuelta borracho!
4;3;0;The last one to do<P> The 'L' sign must drink!;Le dernier Ö faire<P> Le signe 'L' boit!;El £ltimo en firmar<P> La 'L' de las bebidas!
5;3;0;The last one to say his name<P> By saying 'My name is'<P> Must drink!;Le dernier Ö prononcer son nom<P> En disant 'Mon nom est'<P> Doit boire!;El £ltimo en dar su nombre<C><P> Diciendo: 'Mi nombre es'<P> Tiene que beber!
6;3;1;The last one to take a shot<P> Must take another shot!;Le dernier Ö boire<P> Boit de nouveau!;La £ltima copa para<P> Beber de nuevo!
7;3;0;Say 'Are you drunk yet?'<P> If anybody says yes<C> he must take a shot!<P> Else<C> don't worry!;Dites '“tes-vous saoñl?'<P> Si quelqu'un rÇpond oui<C><P> Il doit boire Ö nouveau!<P> Sinon<C> tant pis!;Diga '®Est†s borracho?'<P> Si alguien contesta que s°<C><P> Que debe beber de nuevo!<P> De lo contrario<C> mala suerte!
8;2;0;Anybody who has played<P> An MMO game must drink a shot!;N'importe qui<P> Ayant jouÇ Ö un jeu MMO<P> Doit boire un coup!;Cualquiera que<P> Haya jugado un juego MMO<P> Necesita un trago!
9;2;0;Anybody who has played<P> A Facebook game must drink a shot!;N'importe qui<P> Ayant jouÇ Ö un jeu Facebook<P> Doit boire un coup!;Cualquiera que<P> Haya jugado un juego de Facebook<P> Debe tener una bebida!
10;2;0;Anybody who has played<P> A board game must drink a shot!;N'importe qui<P> Ayant jouÇ Ö un jeu de plateau<P> Doit boire un coup!;Cualquiera que<P> Haya jugado un juego de mesa<P> Necesita un trago!
11;3;0;Anybody who played with dolls<P> Must drink a shot!<P> If there's only boys around the table...<P> Cheers! Everyone take a shot for the girls!;N'importe qui<P> Ayant dÇjÖ jouÇ aux poupÇes<P> Doit boire un coup!<P> S'il n'y a que des gars...<P> SantÇ! Tout le monde boit pour les filles!;Cualquiera que<P> Haya jugado mu§ecas debe tener una bebida!<P> Si no hay ese tipo ...<P> Salud! Todos beben para las ni§as!
12;3;1;Anybody who has missing teeth<P> Must take a shot equals<P> To the number of teeth missing!<P> But if you have dentures<C> you're lucky<C><P> Take only 1 shot!;Si quelqu'un a des dents manquantes<C><P> Il doit boire un coup<P> Pour le nombre de dents manquantes!<P> Mais si vous avez un dentier<C><P> Vous àtes chanceux<C><P> Buvez 1 coup!;Si alguien tiene los dientes que falta<C><P> debe tener una bebida<P> para el n£mero de dientes perdidos!<P> Pero si usted tiene dentadura postiza<C><P> Tienes suerte<C><P> Beber un tiro!
13;3;0;The last one to jump must drink!;Le dernier Ö sauter doit boire un coup!;El £ltimo salto es una bebida!
14;3;0;Touch someone else's shoulder!<P> The last one who does this must drink!;Touchez l'Çpaule de quelqu'un!<P> Le dernier Ö le faire doit boire un coup!;Toque en el hombro de alguien!<P> El £ltimo paso es tomar una copa!
15;3;0;The last one to put his elbow<P> On a table must take one shot!;Le dernier Ö mettre son coude<P> Sur la table doit boire!;El £ltimo en poner el codo<P> Sobre la mesa para beber!
16;3;1;Draw a circle! If it's round<C><P> You can give 2 shots<C> else<C><P> Drink them!;Dessine un cercle! S'il est rond<C><P> Tu peux donner 2 gorgÇes<C> sinon<C><P>Bois-les!;Dibuja un c°rculo! Si es redonda<C><P> puede dar dos sorbos<C><P> De lo contrario la madera!
17;3;1;Draw a line! If it's straight<C><P> You can give 2 shots<C> else<C><P> Drink them!;Dessine un trait! S'il est droit<C><P> Tu peux donner 2 gorgÇes<C> sinon<C><P> Bois-les!;Dibuja una l°nea! Si es correcto<C><P> puede dar dos sorbos<C><P> De lo contrario la madera!
18;3;0;Flip a coin! If it's head<C><P> You may give a shot<C> else<C><P> Drink it!;Joue Ö pile ou face! Si c'est face<C><P> Tu peux donner 1 gorgÇe<C> sinon<C><P> Bois-la!;Juega tirar! Si sale cara<C><P> Usted puede dar un sorbo<C><P> De lo contrario la madera!
19;3;0;Flip a coin! If it's tail<C><P> You may give a shot<C> else<C><P> Drink it!;Joue Ö pile ou face! Si c'est pile<C><P> Tu peux donner 1 gorgÇe<C> sinon<C><P> Bois-la!;Juega tirar! Si esto es correcto<C><P> Puede dar un sorbo<C><P> De lo contrario la madera!
20;2;1;Here's a number: 5!<P> Make the people guess<P> The number from 1 to 10!<P> Each one who fails<P> Must take a shot until<P> There is a winner!;Voici un chiffre: 5!<P> Fait deviner le chiffre<P> De 1 Ö 10 Ö tour de rìle!<P> Chaque personne qui rate son coup<P> Boit jusqu'au gagnant!;He aqu° un n£mero: 5!<P> Para adivinar el n£mero<P> Del 1 al 10 para girar!<P> Cada persona que pierde<P> Su oportunidad de ganar las bebidas!
21;2;1;Here's a number: 3!<P> Make the people guess<P> The number from 1 to 10!<P> Each one who fails<P> Must take a shot until<P> There is a winner!;Voici un chiffre: 3!<P> Fait deviner le chiffre<P> De 1 Ö 10 Ö tour de rìle!<P> Chaque personne qui rate son coup<P> Boit jusqu'au gagnant!;He aqu° un n£mero: 3!<P> 'M adivinar el n£mero<P> Del 1 al 10 para girar!<P> Cada persona que pierde<P> Su oportunidad de ganar las bebidas!
22;2;1;Here's a number: 10!<P> Make the people guess<P> The number from 1 to 10!<P> Each one who fails<P> Must take a shot until<P> There is a winner!;Voici un chiffre: 10!<P> Fait deviner le chiffre<P> De 1 Ö 10 Ö tour de rìle!<P> Chaque personne qui rate son coup<P> Boit jusqu'au gagnant!;He aqu° un n£mero: 10!<P> Para adivinar el n£mero<P> Del 1 al 10 para girar!<P> Cada persona que pierde<P> Su oportunidad de ganar las bebidas!
23;2;1;Here's a number: 8!<P> Make the people guess<P> The number from 1 to 10!<P> Each one who fails<P> Must take a shot until<P> There is a winner!;Voici un chiffre: 4!<P> Fait deviner le chiffre<P> De 1 Ö 10 Ö tour de rìle!<P> Chaque personne qui rate son coup<P> Boit jusqu'au gagnant!;He aqu° un n£mero: 4! Para adivinar el n£mero del 1 al 10 para girar! Cada persona que pierde su oportunidad de ganar las bebidas!
24;2;1;Here's a word: PARTY!<P> You must spell it backward!<P> If you succeed<C> give 3 shots<C><P> Else<C> drink them!;Voici un mot: PARTY!<P> Tu dois l'Çpeller Ö l'envers!<P> Si tu rÇussis<C> donne 3 gorgÇes<C><P> Sinon<C> bois-les!;He aqu° una palabra: FIESTA!<P> Debe deletrea la boca!<P> Si tienes Çxito<C> dar 3 sorbos<C><P> De lo contrario la madera!
25;2;0;Here's a word: BEER!<P> You must spell it backward!<P> If you succeed<C> give 3 shots<C><P> Else<C> drink them!;Voici un mot: BI‘RE!<P> Tu dois l'Çpeller Ö l'envers!<P> Si tu rÇussis<C> donne 3 gorgÇes<C><P> Sinon<C> bois-les!;He aqu° una palabra: CERVEZA!<P> Debe deletrea la boca!<P> Si tienes Çxito<C> dar 3 sorbos<C><P> De lo contrario la madera!
26;2;0;Here's a word: WINE!<P> You must spell it backward!<P> If you succeed<C> give 3 shots<C><P> Else<C> drink them!;Voici un mot: VIN!<P> Tu dois l'Çpeller Ö l'envers!<P> Si tu rÇussis<C> donne 3 gorgÇes<C><P> Sinon<C> bois-les!;He aqu° una palabra: VINO!<P> Debe deletrea la boca!<P> Si tienes Çxito<C> dar 3 sorbos<C><P> De lo contrario la madera!
27;2;1;Here's a word: SPIRITS!<P> You must spell it backward!<P> If you succeed<C> give 3 shots<C><P> Else<C> drink them!;Voici un mot: ALCOOL!<P> Tu dois l'Çpeller Ö l'envers!<P> Si tu rÇussis<C> donne 3 gorgÇes<C><P> Sinon<C> bois-les!;He aqu° una palabra: ALCOHOL!<P> Debe deletrea la boca!<P> Si tienes Çxito<C> dar 3 sorbos<C><P> De lo contrario la madera!
28;2;1;Here's a word: DRINK!<P> You must spell it backward!<P> If you succeed<C> give 5 shots<C><P> Else<C> drink them!;Voici un mot: BOIRE!<P> Tu dois l'Çpeller Ö l'envers!<P> Si tu rÇussis<C> donne 5 gorgÇes<C><P> Sinon<C> bois-les!;He aqu° una palabra: BEBER!<P> Debe deletrea la boca!<P> Si tienes Çxito<C> dar 5 sorbos<C><P> De lo contrario la madera!
29;2;0;Here's a word: LAUGH!<P> You must spell it backward!<P> If you succeed<C> give 5 shots<C><P> Else<C> drink them!;Voici un mot: RIRE!<P> Tu dois l'Çpeller Ö l'envers!<P> Si tu rÇussis<C> donne 5 gorgÇes<C><P> Sinon<C> bois-les!;He aqu° una palabra: RISA!<P> Debe deletrea la boca!<P> Si tienes Çxito<C> dar 5 sorbos<C><P> De lo contrario la madera!
30;2;2;Here's a word: BACKWARD!<P> You must spell it backward!<P> If you succeed<C> give 8 shots!<P> Else<C> you and someone else<P> Must split them!;Voici un mot: ENVERS!<P> Tu dois l'Çpeller Ö l'envers!<P> Si tu rÇussis<C> donne 8 gorgÇes<C><P> Sinon<C> bois-les!;He aqu° una palabra: ASTRADOS!<P> Debe deletrea la boca!<P> Si tienes Çxito<C> dar 8 sorbos<C><P> De lo contrario la madera!
31;2;2;Here's a word: GATHERING!<P> You must spell it backward!<P> If you succeed<C> give 8 shots!<P> Else<C> you and someone else<P> Must split them!;Voici un mot: RASSEMBLER!<P> Tu dois l'Çpeller Ö l'envers!<P> Si tu rÇussis<C> donne 8 gorgÇes<C><P> Sinon<C> bois-les!;He aqu° una palabra: REUNIRSE! Debe deletrea la boca! Si tienes Çxito<C> dar 8 sorbos<C><P> De lo contrario la madera!
32;2;1;Make someone guess the word:<P> 'This beverage's first apparition<P> Goes as far as 6000 B.C.'<P> ANSWER: Wine!<P> The one who guess gives 3 shots<C><P> Else<C> you do!;Fait deviner le mot:<P> 'Ce breuvage est apparu d'aussi loin<P> que l'annÇe 6000 B.C.'<P> RêPONSE: Vin!<P> Celui qui trouve donne 3 gorgÇes<C><P> Sinon<C> tu les donnes!;Para adivinar la palabra:<P> 'Es breuvage apareci¢ ya en el a§o<P> 6000 antes de Cristo'<P> RESPUESTA: Vino!<P> El que encuentre da tres sorbos<C><P> Si se les da!
33;2;1;Make someone guess the word:<P> 'To make this beverage<C><P> You have to brew it!'<P> ANSWER: Beer!<P> The one who guess gives 3 shots<C><P> Else<C> you do!;Fait deviner le mot:<P> 'Pour faire ce breuvage<C><P> Tu dois le brasser!'<P> RêPONSE: Biäre!<P> Celui qui trouve donne 3 gorgÇes<C><P> Sinon<C> tu les donnes!;Para adivinar la palabra:<P> 'Para hacer esta bebida<C><P> Tienes que revolver!' RESPUESTA: Cerveza!<P> El que encuentre da tres sorbos<C><P> Si se les da!
34;2;1;Make someone guess the word:<P> 'A distilled beverage that contains<P> No added sugar and<P> At least 20% alcohol!'<P> ANSWER: Spirits!<P> Reward: 3 shots to give!;Fait deviner le mot:<P> 'Un breuvage distillÇ qui<P> Ne contient aucun sucre ajoutÇ et<P> Au moins 20% d'alcool!'<P> RêPONSE: Spiritueux!<P> Celui qui trouve donne 3 gorgÇes<C><P> Sinon<C> tu les donnes!;Adivina la palabra es:<P> 'Una bebida destilada que<P> No contenga az£car y<P> Alcohol por lo menos 20%'<P> RESPUESTA: Licor!<P> El que encuentre da tres sorbos<C><P> Si se les da!
35;2;1;"Anybody answer this:<P> 'What is port wine?'<P> A) A sweet red wine produced from Portugal;<P> B) A port in southern America;<P> C) A ball you may kick;<P> ANSWER : A!<P> The first who answer may give 3 shots!";"Pose la question:<P> 'Qu'est-ce que le porto?'<P> A) Un vin rouge produit du portugal;<P> B) Un port en AmÇrique du Sub;<P> C) Un ballon qu'on peut botter;<P> RêPONSE : A!<P> Le premier qui dit vrai<P> peut donner 3 gorgÇes!";"Plantee la pregunta:<P> '®QuÇ vino de oporto?'<P> A) Un vino tinto producido a partir de portugal;<P> B) Un puerto en AmÇrica Sub;<P> C) Una pelota puede golpear;<P> RESPUESTA: A!<P> El primero que dijo la verdad<P> Puede dar tres sorbos!"
36;2;1;"Anybody answer this:<P> 'What is distillation?'<P> A) The process of making fire;<P> B) The method of separating mixtures;<P> C) Drinking until you throw up;<P> ANSWER : B!<P> The first who answer may give 3 shots!";"Pose la question:<P> 'Qu'est-ce que la distillation?'<P> A) Faire du feu;<P> B) MÇthode pour sÇparer les mÇlanges;<P> C) Boire Ö àtre malade;<P> RêPONSE : B!<P> Le premier qui dit vrai<P> Peut donner 3 gorgÇes!";"Plantee la pregunta:<P> '®QuÇ es la destilaci¢n?'<P> A) Hacer fuego MÇtodo;<P> B) Para la separaci¢n de mezclas;<P> C) Beber de ser enfermo;<P> RESPUESTA: B!<P> El primero que dijo la verdad<P> Puede dar tres sorbos!"
37;2;1;"Anybody answer this:<P> 'Absinthe is':<P> A) A drug sold by criminals;<P> B) A star in the Galaxy;<P> C) A highly alcoholic beverage;<P> ANSWER : C!<P> The first who answer may give 3 shots!";"Pose la question:<P> 'L'absinthe est:'<P> A) une drogue vendue dans la rue;<P> B) Une Çtoile dans la galaxie;<P> C) Un breuvage hautement alcoolique;<P> RêPONSE : C!<P> Le premier qui dit vrai<P> Peut donner 3 gorgÇes!";"Plantee la pregunta:<P> 'Absinthe es:'<P> A) Un medicamento vendido en la calle;<P> B) Un estrella en la galaxia;<P> C) Una bebida alcoh¢lica altamente;<P> RESPUESTA: C!<P> El primero que dijo la verdad<P> Puede dar tres sorbos!"
38;2;2;Anybody answer this:<P> 'What shape is a bowling ball?'<P> The first who answer may give 5 shots!;Pose la question:<P> 'De quelle forme est<P> Une boule de quille?'<P>  Le premier qui dit vrai<P> Peut donner 5 gorgÇes!;Plantee la pregunta:<P> '®QuÇ forma tiene<P> Una bola de boliche?'<P> El primero que dijo<P> La verdad puede dar 5 tragos!
39;2;2;Anybody answer this:<P> 'What shape is a dice?'<P> The first who answer may give 5 shots!;Pose la question:<P> 'Quelle est la forme d'un dÇ?'<P> Le premier qui dit vrai<P> Peut donner 5 gorgÇes!;Plantee la pregunta:<P> '®Cu†l es la forma de un dado?'<P> El primero que dijo la verdad<P> Puede dar 5 tragos!
40;2;1;Anybody answer this:<P> 'In which direction does a clock ticks?'<P> The first who answer may give 5 shots!;Pose la question:<P> 'Dans quel sens tourne<P> Les aiguilles d'une horloge?'<P> Le premier qui dit vrai<P> Donne 5 gorgÇes!;Plantee la pregunta:<P> '®En quÇ sentido gira<P> Las manecillas de un reloj?'<P> El primero que dijo la verdad<P> Da 5 tragos!
41;3;0;You can give 3 shots<P> To 3 different<P> Non-consecutive people!;Donne 3 gorgÇes<P> ∑ 3 personnes diffÇrentes<P> Non-consÇcutives!;Hace 3 a 3 tragos<P> No consecutivos<P> De diferentes personas!
42;3;1;You can give 5 shots<P> to 5 different<P> Non-consecutive people!;Donne 5 gorgÇes<P> ∑ 5 personnes diffÇrentes<P> Non-consÇcutives!;Hace 5 a 5 tragos<P> No consecutivos<P> De diferentes personas!
43;2;2;You can give 7 shots<P> to 7 different<P> Non-consecutive people!;Donne 7 gorgÇes<P> ∑ 7 personnes diffÇrentes<P> Non-consÇcutives!;Hace 7 a 7 tragos<P> No consecutivos<P> De diferentes personas!
44;2;0;You can give 3 shots to anybody!;Donne 3 gorgÇes Ö qui tu veux!;Hace 3 sorbos que usted quiera!
45;2;1;You can give 5 shots to anybody!;Donne 5 gorgÇes Ö qui tu veux!;Hace 5 sorbos que usted quiera!
46;1;2;You can give 7 shots to anybody!;Donne 7 gorgÇes Ö qui tu veux!;Hace 7 sorbos que usted quiera!
47;3;0;You can give 3 shots... <P>But you must drink one!;Tu peux donner 3 gorgÇes...<P> Mais tu dois en boire 1!;Usted puede dar 3 sorbos...<P> Pero tienes 1 bebida!
48;3;1;You can give 5 shots... <P>But you must drink 2 of them!;Tu peux donner 5 gorgÇes...<P> Mais tu dois en boire 2!;Usted puede dar 5 sorbos...<P> Pero tienes 2 bebida!
49;2;2;You can give 7 shots... <P>But you must drink 3 of them!;Tu peux donner 7 gorgÇes...<P> Mais tu dois en boire 3!;Usted puede dar 7 sorbos...<P> Pero tienes 3 bebida!
50;3;0;Everyone who wear black<P> Must drink!;Tous ceux qui portent du noir<P> Doivent boire!;Todas las personas deben beber<P> Negro que llevaba!
51;3;0;Everyone who wear white<P> Must drink!;Tous ceux qui portent du blanc<P> Doivent boire!;Todas las personas deben beber<P> Blanco que llevaba!
52;3;0;Everyone who wore a hat today<P> Must drink!;Tous ceux qui ont mis<P> Un chapeau aujourd'hui<P> Doivent boire!;Todos los que ponen<P> Un sombrero<P> De hoy debe beber!
53;3;0;Everyone who wears jeans<P> Must drink!;Tous ceux qui portent des jeans<P> Doivent boire!;Todos los que usan jeans<P> Deben beber!
54;1;2;Take the oldest one's age<P> And take the last number:<P> That's the number of shots<P> You may give! 0 counts for 10!;Prend l'Ége du plus vieux<P> Parmi vous et prend le dernier chiffre:<P> C'est le nombre de gorgÇes<P> Que tu peux donner!<P> 0 compte pour 10!;Es de la edad de los m†s antiguos<P> Entre vosotros y toma<P> El £ltimo n£mero:<P> El n£mero de tragos<P> Que usted puede dar!<P> 0 cuenta hasta 10!
55;2;1;Choose someone!<P> Each 3 cards drawn<C><P> This person must drink a shot!;Choisi quelqu'un!<P> ∑ chaque 3 cartes<C><P> Cette personne doit boire un coup!;Elegido a alguien!<P> Cada 3 tarjetas<C><P> Esa persona debe tener una bebida!
56;2;1;Choose 2 person!<P> The first one must drink<P> Each shot the other drinks!;Choisi 2 personnes!<P> Le premier doit boire<P> Chaque gorgÇes que l'autre prend!;2 personas elegido!<P> Los primeros sorbos<P> De beber s° que lo es!
57;2;0;Choose someone except yourself!<P> That person will give the shots<P> For 2 turns!;Choisi quelqu'un sauf toi!<P> Cette personne donnera les gorgÇes<P> Pendant 2 tours!;A menos que alguien ha elegido!<P> Esta persona va a dar sorbos<P> Durante 2 vueltas!
58;2;2;Choose someone!<P> You must drink each shots that<P> That one takes!;Choisi quelqu'un!<P> Tu dois boire les gorgÇes<P> Qu'elle boit!;Elegido a alguien!<P> Usted debe beber<P> Sorbos su bebida!
59;3;0;Choose a color!<P> Everyone wearing that color<P> Must drink!;Choisi une couleur!<P> Ceux qui la portent<P> Doivent boire!;Elija un color!<P> Los que deben<P> Beber!
60;2;0;Choose a girl!<P> She must choose someone:<P> That one drinks each shot she takes!<P> If there is no girls...<P> Cheers! Everyone drinks!;Choisi une fille!<P> Elle doit choisir quelqu'un:<P> Celui-ci boit<P> Les coups qu'elle prends!<P> S'il n'y a pas de filles...<P> SantÇ! Tout le monde boit!;Elija una ni§a!<P> Ten°a que elegir a alguien<C><P> Lo sopla tomar bebidas!<P> Si no hay chicas...<P> Salud! Todos beben!
61;3;0;If you are bound to take shots<C><P> You may give them to someone else<P> For 2 rounds!;Si tu es obligÇ de boire des gorgÇes<C><P> Tu peux les donner Ö quelqu'un d'autre<P> Pendant 2 tours!;Si se ve obligado a beber sorbos<C><P> Se les puede dar a otra persona<P> Para 2 vueltas!
62;7;1;This card cancels all rules applied!<P> Cheers! Everyone drinks!;Cette carte annule toutes les rägles!<P> SantÇ! Tout le monde boit!;Esta tarjeta se cancela todas las reglas!<P> Salud! Todos beben!
63;10;1;This card cancels all rules applied!;Cette carte annule toutes les rägles!;Esta tarjeta se cancela todas las reglas!
64;7;1;This card cancels all rules applied!<P> Then create a rule!;Cette carte annule toutes les rägles!<P> Puis<C> crÇe-en 1 nouvelle!;Esta tarjeta se cancela todas las reglas!<P> A continuaci¢n<C> cree nuevo todo en uno!
65;5;0;Cancel a rule! If none exists<C><P> Create one!;Annule 1 rägle! S'il n'y en a pas<C><P> Tu peux en crÇer 1!;Cancela una regla! Si no lo hay<C><P> Puede crear uno!
66;5;1;Freedom!<P> This cancels any rules<P> Making you drink for any reason!;LibertÇ!<P> Ceci annule toutes les rägles<P> Te faisant boire<P> Pour n'importe quelle raison!;≠Libertad!<P> Esta norma reemplaza<P> A todas las decisiones<P> Que tome por ning£n motivo!
67;3;0;A desert oasis: you may<P> Drink water for 2 rounds!;Un oasis dÇsertique:<P> Tu peux boire de l'eau pour 2 tours!;Un oasis en el desierto:<P> se puede beber agua<P> Durante 2 vueltas!
68;3;0;Lucky! ... Or not!<P> Take a shot!;Chanceux! ... Ou pas.<P> Bois 1 gorgÇe!;Suerte! ... O no.<P> Madera 1 sip!
69;3;1;Lucky! ... Or not!<P> Take 2 shots!;Chanceux! ... Ou pas.<P> Bois 2 gorgÇe!;Suerte! ... O no.<P> Madera 2 sip!
70;3;2;Lucky! ... Or not!<P> Take 3 shots!;Chanceux! ... Ou pas.<P> Bois 3 gorgÇe!;Suerte! ... O no<P>. Madera 3 sip!
71;5;0;Freeloader:<P> You can skip taking shots once!;Parasite:<P> Tu peux sauter<P> Ton tour de boire<P> Une seule fois!;Par†sito:<P> puede saltarse<P> Su turno para beber<P> Una vez!
72;4;0;Free Parking:<P> Skip your next round!;Parking gratuit:<P> Saute un tour au complet!;Parking:<P> Omite una torre llena!
73;3;0;Everyone must call you 'Lord'<P> And bow to you<P> Each time they mention you<P> Or take a shot!<P> If anyone draws this card<C><P> This is canceled!;Tous doivent s'adresser Ö toi<P> En tant que 'Seigneur' et te saluer<C><P> Ou boire 1 gorgÇe!<P> Si quelqu'un sort cette carte<C><P> Celle-ci est annulÇe!;Todo lo que necesita<P> Para hacer frente como 'Se§or'<P> Y decir hola<C> o beber un sorbo!<P> Si alguien sale esta tarjeta<C><P> Se cancelar†!
74;3;0;Everyone must call you 'Mayor'<P> And pay you tribute<P> Each time they mention you<P> Or take a shot!<P> If anyone draws this card<C><P> This is canceled!;Tous doivent s'adresser Ö toi<P> En tant que 'Maire' et te rendre hommage<C><P> Ou boire 1 gorgÇe!<P> Si quelqu'un sort cette carte<C><P> Celle-ci est annulÇe!;Todos tienen que abordar<P> Usted como 'Alcade' y rendir homenaje<P> A usted<C> o beber un sorbo!<P> Si alguien sale esta tarjeta<C><P> Se cancelar†!
75;3;0;Everyone must call you 'The Star'<P> And salute you or take a shot!<P> If anyone draws this card<C><P> this is canceled!;Tous doivent s'adresser Ö toi<P> En tant que 'L'Çtoile' et t'honorer<C><P> Ou boire 1 gorgÇe!<P> Si quelqu'un sort cette carte<C><P> Celle-ci est annulÇe!;Todos deben dirijo a ustedes<P> Como 'La Estrella' y respetarte<C><P> O beber un sorbo!<P> Si alguien sale esta tarjeta<C><P> Se cancelar†!
76;3;0;Choose a girl!<P> Everyone must say 'Sweet<C> dearest'<P> Before saying her name<C><P> Or take a shot!<P> If anyone draws this card<C><P> This is canceled!;Choisi une fille!<P> Tous doivent dire 'Chäre et tendre'<P> Avant de dire son nom<C><P> Ou boire 1 gorgÇe!<P> Si quelqu'un sort cette carte<C><P> Celle-ci est annulÇe!;Selecci¢n de una chica!<P> Todo el mundo debe decir 'Querida y tierna'<P> Antes de decir su nombre<C><P> O beber un sorbo!<P> Si alguien sale esta tarjeta<C><P> Se cancelar†!
77;3;0;Everyone must call you<P> 'Frankenstein'<P> Each time they mention you<P> Or take a shot!<P> If anyone draws this card<C><P> Yours is canceled!;Tous doivent te nommer<P> 'Frankenstein'<P> Chaque fois qu'ils te parlent<P> Ou boire 1 gorgÇe!<P> Si quelqu'un sort cette carte<C><P> Celle-ci est annulÇe!;Todo lo que tiene que nombrar<P> 'Frankenstein'<P> Cada vez que se mencione<P> Que beber o tomar uno!<P> Si alguien sale esta tarjeta<C><P> Se cancelar†!
78;3;0;Change someone's name<P> For a fruit name!<P> Each player who<P> Forget this name must drink!<P> This last for 5 rounds!;Change le nom de quelqu'un<P> pour un fruit!<P> Chaque joueur qui oublit ce nom<P> Doit boire 1 gorgÇe!<P> Äa dure pendant 5 tours!;Cambiar el nombre de alguien<P> Para una fruta!<P> Todos los jugadores que olvidan<P> Este nombre debe beber un sorbo!<P> Su duraci¢n es de 5 rondas!
79;4;1;From now on<C> the left handed<P> Must drink with their right hand<P> For 3 rounds!;∑ partir de maintenant<C><P> Les gauchers doivent boire<P> Avec la main droite<P> Pendant 3 tours!;A partir de ahora<C><P> La izquierda debe tomar con<P> La mano derecha de 3 vueltas!
80;4;1;From now on<C> the right handed<P> Must drink with their left hand<P> For 3 rounds!;∑ partir de maintenant<C><P> Les droitiers doivent boire<P> Avec la main gauche<P> Pendant 3 tours!;A partir de ahora<C><P> Los diestros deben tomar con<P> La mano izquierda de 3 vueltas!
81;3;2;I Am The Law: For 3 rounds<C><P> If a fellow drinker<P> Does something wrong<C><P> You decide<P> The number of shots he must take!;Je Suis La Loi: pendant 3 tours<C><P> si un participant fait une erreur<C><P> vous dÇcidez du nombre de gorgÇes<P> Qu'il reáoit!;Yo Soy Ley: hace 3 A su vez<C><P> si un participante comete un error<C><P> Usted decide<P> C¢mo muchos tragos se pone!
82;2;1;I Am God:<P> Each time someone<P> must say something about him<P> Or guess something<C><P> You have to answer on his behalf!<P> If you're right<C> he drinks 1 more shot<C><P> Else<C> you drink!<P> Valid for 2 rounds!;Je Suis Dieu: Chaque fois que quelqu'un doit dire<P> Quelque chose le concernant ou<P> Deviner quelque chose<C><P> vous devez rÇpondre Ö sa place!<P> Si vous avez raison<C> il boit 1 gorgÇe de plus<C><P> Sinon<C> vous buvez!<P> Valide pour 2 tours!;Yo Soy Dios: Cada vez que alguien tiene<P>Que decir algo acerca de la conjetura<P> O algo as°<C><P> Debe responder por ello!<P> Si est†n en lo cierto<C><P> Bebe un sorbo m†s<C> si usted bebe!<P>V†lido para 2 vueltas!
83;4;1;Bodyguard!<P> Choose someone!<P> For 5 rounds<C> each time he drinks<C><P> Choose someone else!;Garde du corps!<P> Choisi quelqu'un!<P> Pendant 5 tours<C> s'il doit boire<C><P> Choisi quelqu'un d'autre!;Guardaespaldas!<P> Elegido a alguien!<P> Durante 5 rondas<C> ya sea para beber<C><P> Opt¢ por otra persona!
84;3;2;Mute!<P> You cannot talk<P> Or make a sound<P> For 5 rounds!;Muet!<P> Tu ne peux parler<P> Ou prononcer un son<P> Pendant 5 tours!;Silencioso!<P> No se puede hablar<P> Ni emitir sonido<P> Durante 5 rondas!
85;3;1;Mute!<P> You cannot talk<P> Or make a sound<P> For 3 rounds!;Muet!<P> Tu ne peux parler<P> Ou prononcer un son<P> Pendant 3 tours!;Silencioso!<P> No se puede hablar<P> Ni emitir sonido<P> Durante 3 rondas!
86;2;1;Customs!<P> For 5 rounds<C><P> Each time someone leaves the table<P> Or comes back<C><P> You may give them 1 shot!;Douanier!<P> Pendant 3 tours<C><P> Chaque fois que quelqu'un<P> Quitte la table ou y revient<C><P> Tu peux leur donner 1 gorgÇe Ö boire!;Aduana!<P> Para 3 rondas<C><P> cada vez que alguien se levanta<P> De la mesa o devoluciones<C><P> Se les puede dar un sorbo a la bebida!
87;3;2;Bard!<P> For 3 rounds<C><P> You must talk in rhymes<C><P> Or take a shot<P> Each time you are at fault!;Barde!<P> Pendant 3 tours<C><P> Tu dois parler en rimes<C><P> Ou boire 1 gorgÇes<P> ∑ chaque fois que tu es en faute!;Bardo!<P> Durante 3 turnos<C><P> Debe hablar en rima<C><P> O beber un sorbo<P> Cada vez que usted tiene la culpa!
88;3;2;You cannot say<P> 'Yes'<C> 'No'<C> or 'Maybe'<P> For 5 rounds<C><P> Or you must drink!;Tu ne peux dire<P> 'Oui'<C> 'Non'<C> ou 'Peut-àtre'<P> Pendant 5 tours<C><P> Sinon tu bois!;No se puede decir<P> 'S°'<C> 'No' o 'Tal vez'<P> Durante 5 rondas<C><P> Si bebe!
89;3;1;For 5 rounds<C><P> You must end all your sentences<P> With a different color<C><P> else you drink!;Pendant 5 tours<C><P> Tu dois terminer tes phrases<P> Par une couleur diffÇrentes<C><P> Sinon tu bois!;Durante 5 rondas<C><P> Tienes que terminar sus frases<P> Con un color diferente<C><P> Si usted bebe!
90;4;0;Create your own rule!<P> Last for 3 rounds!;CrÇe ta propre rägle!<P> Elle dure 3 tours!;Crea tus propias reglas!<P> Tiene una duraci¢n de 3 vueltas!
91;4;1;Create your own rule!<P> Last for 5 rounds!;CrÇe ta propre rägle!<P> Elle dure 5 tours!;Crea tus propias reglas!<P> Tiene una duraci¢n de 5 vueltas!
92;3;2;Create your own rule!<P> Last for 7 rounds!;CrÇe ta propre rägle!<P> Elle dure 7 tours!;Crea tus propias reglas!<P> Tiene una duraci¢n de 7 vueltas!
93;3;1;Detective: for 3 rounds<C><P> Everytime someone draws a card<C><P> You may ask him a question!<P> If he refuses to answer<C><P> He must drink<C><P> Otherwise<C> you do!;DÇtective: pendant 3 tours<C><P> Chaque fois que quelqu'un tire une carte<C><P> Tu peux lui poser une question!<P> S'il refuse de rÇpondre<C><P> Il doit boire<C><P> Sinon<C> tu bois!;Detective: durante 3 rondas<C><P> Cada vez que alguien robe una carta<C><P> puedes hacer una pregunta!<P> Si se niega a responder<C><P> Debe beber si no bebes!
94;4;0;Cheers! Every one drinks!;SantÇ! Tout le monde boit!;Salud! Todos beben!
95;3;0;Cheers! Every boys drinks!;SantÇ! Tous les hommes boivent!;Salud! Todos los hombres beben!
96;3;0;Cheers! Every girls drinks!;SantÇ! Toutes les femmes boivent!;Salud! Todas las mujeres beber!
97;7;0;Inverse the game rotation!<P> Cheers! Everyone drink!;Changer la rotation!<P> SantÇ! Tout le monde boit!;Cambiar el giro!<P> Salud! Todos beben!
98;5;1;Inverse the game rotation!<P> Cheers! Everyone drink 2 shots!;Changer la rotation!<P> SantÇ! Tout le monde boit 2 gorgÇes!;Cambiar el giro!<P> Salud! Todo el mundo bebi¢ 2 sorbos!
99;2;1;All beer drinker takes 3 shots<C><P> All wine drinkers 2<C><P> and all spirits drinker must take one!;Tous les buveurs de biäre<P> Boivent 3 gorgÇes<C><P> Tout les buveurs de vins 2<C><P> Et tous les buveurs de spiritueux<P> En prennent 1!;Todos los amantes de la cerveza<P> Beber 3 sorbos<C><P> Los 2 bebedores de vino<C><P> Y tomar todos los bebedores<P> De licores en uno!
100;1;2;10 shots to give<C><P> You included!;10 gorgÇes Ö donner<C><P> Toi inclus!;10 sorbos darle incluido!
101;1;2;5 packs of 2 shots to give<C><P> You included!;5 paquets de 2 gorgÇes<P> ∑ donner<C> toi inclus!;5 paquetes de 2 disparos<P> Para dar<C> usted incluido!
102;1;2;Everyone drinking beer<P> Must drink 5 shots!;Tous ceux qui boivent de la biäre<P> Prennent 5 gorgÇes!;Todos los que beben cerveza<P> Tomar 5 tragos!
103;1;2;Anyone drinking wine?<P> Drink 3 shots<C><P> And you can give 5 shots!;Quelqu'un a du vin?<P> Buvez 3 gorgÇes<C><P> Et vous pouvez donner 5 gorgÇes!;Alguien vino?<P> Beber 3 sorbos<C><P> Y se puede dar 5 tragos!
104;1;2;If you drink spirits<C><P> You're lucky: you have to give<P> 10 shots!<P> Else<C> 3 shots for everyone!;Si vous buvez des spiritueux<C><P> Vous àtes chanceux:<P> Vous avez 10 gorgÇes Ö donner!<P> Sinon<C> 3 gorgÇes Ö tous!;Si toma bebidas alcoh¢licas<C><P> Tiene suerte: tiene 10 sorbos a dar!<P> De lo contrario<C><P> Todos los 3 sorbos!
105;1;2;Everyone who's not bald<P> Must drink 3 shots!;Ceux qui ne sont pas chauves<P> Doivent boire 3 gorgÇes!;Los que no son calvos<P> Deben beber 3 tragos!
106;1;2;License to kill:<P> Choose someone:<P> He must empty his drink<P> (Only if it's half full)!;Permis de tuer:<P> Choisi quelqu'un<P> Qui doit vider son verre<P> (Seulement s'il est Ö moitiÇ plein)!;Licencia para matar:<P> Seleccione a alguien<P> Que ha vaciado su vaso <P>(S¢lo si est† medio lleno)!
107;1;2;Deathtrap!<P> Empty your drink<P> (Only if its half full or less)!;Danger: vide ton verre<P> (Seulement s'il est <P>∑ moitiÇ vide ou moins)!;Peligro: el vaso vac°o<P> (S¢lo si est† medio vac°o o menos)!
108;1;2;Harbringer of death!<P> Everyone must take 5 shots<C><P> Except yourself!;Porteur de malheur:<P> Tout le monde<P> Doivent prendre 5 gorgÇes<C><P> Sauf toi!;Portador de mala suerte:<P> Todo el mundo<P> Debe tomar 5 tragos<C><P> Excepto usted!
109;1;2;Anyone having vowels in his first name<P> Must take the number of shots<P> Equals to the number of vowels!;Tous ceux qui ont des voyelles<P> dans leur prÇnom doivent prendre<P> le nombre de gorgÇes Çgal<P> au nombre de voyelles!;Todos los vocales en su nombre<P> Debe tomar el n£mero de sorbos<P> Equivalente al n£mero de vocales!
110;1;2;You have the hammer!<P> For the next 3 rounds<C><P> Add 5 shots<P> each time you have to give shots!;Tu as le marteau!<P> Pour les 3 prochains tours<C><P> Ajoute 5 gorgÇes Ö chaque fois<P> Que tu donnes des gorgÇes!;Tiene un martillo!<P> Durante los siguientes<P> 3 turnos<C><P> A§ade 5 tragos<P> Cada vez que dar sorbos!
111;3;1;Say something you did!<P> Everyone who never did that<P> Must drink!;Dis quelque chose que tu as fait!<P> Chaque personne qui<P> N'a jamais fait áa boit!;Decir algo que has hecho!<P> Cada persona que<P> Nunca ha bebido!
112;3;1;Say something you did!<P> Everyone who did that must drink<C><P> You included!;Dis quelque chose que tu as fait!<P> Chaque personne qui<P> A fait áa boit<C><P> Et toi aussi!;Decir algo que has hecho!<P> Cada persona que hizo<P> Esta bebida<C><P> Y t£ tambiÇn!
113;3;0;Say something you never did!<P> Everyone who never did that must drink<C><P> You included!;Dis quelque chose que<P> Tu n'as jamais fait!<P> Tout ceux qui n'ont jamais fait áa<P> Doivent boire<C> toi inclus!;Diga algo que nunca has hecho!<P> Todos aquellos que nunca<P> Lo han hecho deben tomar<C><P> Usted incluido!
114;3;0;Say something you never did!<P> Everyone who did that must drink!;Dis quelque chose<P> Que tu n'as jamais fait!<P> Ceux qui l'ont fait doivent boire!;Diga algo<P> Que nunca has hecho!<P> Los que han estado bebiendo!
115;3;1;Make a move!<P> The next drinker must repeat the move!<P> The game stops when a drinker fails<C><P> And he must drink!;Fait un geste!<P> Le prochain buveur<P> Doit rÇpÇter ce geste!<P> Le jeu cesse<P> Lorsque quelqu'un rate son coup<C><P> Et il doit boire!;Hizo un gesto!<P> El bebedor siguiente debe<P> Repetir el gesto!<P> El juego termina<P> Cuando alguien extra§o<C><P> Y debe beber!
116;3;1;Cadavre Exquis: Say a word!<P> The next drinker must say that word<P> And add another!<P> The game stop when a drinker<P> Cannot add another word<P> Or repeat the exact same sentence!<P>And the loser drinks twice!;Cadavre Exquis: Dis un mot!<P> Le prochain buveur doit dire ce mot<P> Et en ajouter un!<P> Le jeu arràte lorsqu'un buveur<P> Ne peut ajouter un autre mot<P> Ou rÇpÇter la phrase exacte!<P>Et le perdant boit 2 fois!;Cad†ver Exquisito: Diga una palabra!<P> El bebedor siguiente debe<P> Decir una palabra y agregar uno!<P> El juego termina cuando un bebedor<P> No puede a§adir otra palabra<P> O frase exacta repetici¢n!<P>Y el perdedor beber 2 veces!
117;3;0;Guess the word!<P> Choose a simple word!<P> The last drinker to guess it must drink!;Devine le mot!<P> Choisi un mot simple!<P> Le dernier buveur Ö le deviner<P> Doit boire!;Adivina la palabra!<P> Selecci¢n de una sola palabra!<P> El bebedor £ltimo debe<P> Beber de adivinar!
118;3;0;Challenger!<P> Challenge a fellow drinker<P> To a game of Rock Paper Scissor!<P> Only one round!<P> The loser drink!;Challenger!<P> DÇfi un participant Ö un combat<P> De Roche Papier Ciseaux!<P> 1 round!<P> Le perdant boit! ;Desaf°o Challenger<P> Participante en una batalla<P> de Pierda Papel o Tiera!<P> 1 redondear!<P> Las bebidas perdedor!
119;3;0;Challenger!<P> Challenge a fellow drinker<P> To a game of Rock Paper Scissor!<P> Two rounds!<P> The loser drink twice!;Challenger!<P> DÇfi un participant Ö un combat<P> De Roche Papier Ciseaux!<P> 2 rounds!<P> Le perdant boit 2 fois! ;Desaf°o Challenger<P> Participante en una batalla<P> de Pierda Papel o Tiera!<P> 2 rondas!<P> Las bebidas perdedor dos veces!
120;2;1;Random!<P> Do something strange!<P> Those who laughs takes a drink<C><P> And those who don't takes 2!;Hasard:<P> Fait quelque chose d'inÇdit!<P> Ceux qui rient doivent boire<C><P> Et ceux qui ne rient pas<P> Prennent 2 gorgÇes!;Random:<P> Hecho algo nuevo!<P> Los que se r°en debe beber<C><P> Y los que no se r°en son dos tragos!
121;5;0;Choose a word!<P> Everyone must find<P> A word that rhyme!<P> Failers take one shot!;Choisi un mot!<P> Tout le monde doit trouver<P> Un mot qui rime!<P> Les perdants boivent 1 coup!;Elegida una palabra!<P> Cada uno tiene que encontrar<P> Una palabra que rima!<P> Los perdedores beber un tiro!
122;2;1;"Cheater!<P> Make everyone guess<P> A number from 1 to 10<C><P> But make the last one wins!<P> If you're not discovered<C> smile<C><P> Everyone has 1 shot;<P> Else<C> take 3 shots!";"Tricheur!<P> Fait deviner un chiffre<P> De 1 Ö 10 Ö tout le monde<C><P> Mais le dernier Ö passer gagne!<P> Si tu n'es pas dÇcouvert<C> Sourit<C><P> Tout le monde boit 1 gorgÇe;<P> Sinon<C> prend 3 gorgÇes!";Para adivinar<P> Un n£mero del 1 al 10 para todos<C><P> Pero gana la £ltima jugada!<P> Si usted no est† descubierto<C><P> Sonrisas!<C> Todo el mundo bebe un sorbo<C><P> De lo contrario toma 3 tragos!
123;2;1;Authorization to skip a sip!<P> But if you're discovered<C><P> Take 3 shots!;Permissions de sauter une gorgÇe!<P> Mais si tu es pris<C><P> Prends en 3!;El permiso para pasar un trago!<P> Pero si te pillan<C><P> Tomar 3!
124;3;2;Gangster:<P> You have 3 rounds<P> To give 10 shots to whoever you want<C><P> However you want!;Gangster:<P> Tu as 3 tours pour donner<P> 10 gorgÇes Ö qui tu veux<C><P> De la faáon que tu veux!;G†ngster:<P> Usted tiene 3 vueltas para<P> Dar 10 sorbos que quieras<P> Y como quieras!
125;2;0;Shapechanger:<P> If someone has to take shots<C><P> You may decide to give them<P> To somebody else!;Changeur de forme:<P> Si quelqu'un prends des gorgÇes<C><P> Tu peux dÇcider de les donner<P> ∑ quelqu'un d'autre!;Cambiador de forma:<P> Si alguien toma sorbos<C><P> Puede decidir d†rselo <P>A alguien m†s!
126;5;1;"Thief:<P> The next time<P> Someone has to drink<C><P> You may steal the shots;<P> Either take them of give them!";Voleur:<P> La prochaine fois<P> Que quelqu'un doit boire<C><P> Tu peux voler les gorgÇes:<P> Prends-les ou donne-les Ö qui tu veux!;Ladr¢n:<P> La pr¢xima vez<P> Que alguien necesita para beber<C><P> Usted puede robar tragos:<P> Tomar ellos o darles a quien quieras!
